{"0":{"config":{"population_size":4,"mutation_rate":0.01,"initial_population":[[1,1,1,1,1,1,1,1,1,1,1,1],[1,1,1,2,2,2,3,3,3,4,4,1],[1,1,4,2,2,2,3,3,3,4,4,1],[1,2,3,4,1,2,3,4,1,2,3,4]]},"time":14.312393,"solutions":[],"fitness":0.9230769230769231,"num_generations":1000},"1":{"config":{"population_size":4,"mutation_rate":0.02,"initial_population":[[1,1,1,1,1,1,1,1,1,1,1,1],[1,1,1,2,2,2,3,3,3,4,4,1],[1,1,4,2,2,2,3,3,3,4,4,1],[1,2,3,4,1,2,3,4,1,2,3,4]]},"time":5.865596,"solutions":[],"fitness":0.9230769230769231,"num_generations":1000},"2":{"config":{"population_size":4,"mutation_rate":0.05,"initial_population":[[1,1,1,1,1,1,1,1,1,1,1,1],[1,1,1,2,2,2,3,3,3,4,4,1],[1,1,4,2,2,2,3,3,3,4,4,1],[1,2,3,4,1,2,3,4,1,2,3,4]]},"time":6.922842,"solutions":[],"fitness":0.9230769230769231,"num_generations":1000},"3":{"config":{"population_size":4,"mutation_rate":0.1,"initial_population":[[1,1,1,1,1,1,1,1,1,1,1,1],[1,1,1,2,2,2,3,3,3,4,4,1],[1,1,4,2,2,2,3,3,3,4,4,1],[1,2,3,4,1,2,3,4,1,2,3,4]]},"time":4.67666,"solutions":[],"fitness":0.9230769230769231,"num_generations":1000},"4":{"config":{"population_size":4,"mutation_rate":0.2,"initial_population":[[1,1,1,1,1,1,1,1,1,1,1,1],[1,1,1,2,2,2,3,3,3,4,4,1],[1,1,4,2,2,2,3,3,3,4,4,1],[1,2,3,4,1,2,3,4,1,2,3,4]]},"time":4.968947,"solutions":[],"fitness":0.9230769230769231,"num_generations":1000},"5":{"config":{"population_size":4,"mutation_rate":0.3,"initial_population":[[1,1,1,1,1,1,1,1,1,1,1,1],[1,1,1,2,2,2,3,3,3,4,4,1],[1,1,4,2,2,2,3,3,3,4,4,1],[1,2,3,4,1,2,3,4,1,2,3,4]]},"time":5.433586,"solutions":[],"fitness":0.9230769230769231,"num_generations":1000},"6":{"config":{"population_size":4,"mutation_rate":0.4,"initial_population":[[1,1,1,1,1,1,1,1,1,1,1,1],[1,1,1,2,2,2,3,3,3,4,4,1],[1,1,4,2,2,2,3,3,3,4,4,1],[1,2,3,4,1,2,3,4,1,2,3,4]]},"time":5.745308,"solutions":[],"fitness":0.9230769230769231,"num_generations":1000},"7":{"config":{"population_size":4,"mutation_rate":0.5,"initial_population":[[1,1,1,1,1,1,1,1,1,1,1,1],[1,1,1,2,2,2,3,3,3,4,4,1],[1,1,4,2,2,2,3,3,3,4,4,1],[1,2,3,4,1,2,3,4,1,2,3,4]]},"time":6.594385,"solutions":[],"fitness":0.9230769230769231,"num_generations":1000},"8":{"config":{"population_size":4,"mutation_rate":0.6,"initial_population":[[1,1,1,1,1,1,1,1,1,1,1,1],[1,1,1,2,2,2,3,3,3,4,4,1],[1,1,4,2,2,2,3,3,3,4,4,1],[1,2,3,4,1,2,3,4,1,2,3,4]]},"time":13.03505,"solutions":[],"fitness":0.9230769230769231,"num_generations":1000},"9":{"config":{"population_size":4,"mutation_rate":0.7,"initial_population":[[1,1,1,1,1,1,1,1,1,1,1,1],[1,1,1,2,2,2,3,3,3,4,4,1],[1,1,4,2,2,2,3,3,3,4,4,1],[1,2,3,4,1,2,3,4,1,2,3,4]]},"time":5.27299,"solutions":[],"fitness":0.9230769230769231,"num_generations":1000},"10":{"config":{"population_size":4,"mutation_rate":0.8,"initial_population":[[1,1,1,1,1,1,1,1,1,1,1,1],[1,1,1,2,2,2,3,3,3,4,4,1],[1,1,4,2,2,2,3,3,3,4,4,1],[1,2,3,4,1,2,3,4,1,2,3,4]]},"time":5.430059,"solutions":[],"fitness":0.9230769230769231,"num_generations":1000},"11":{"config":{"population_size":4,"mutation_rate":0.9,"initial_population":[[1,1,1,1,1,1,1,1,1,1,1,1],[1,1,1,2,2,2,3,3,3,4,4,1],[1,1,4,2,2,2,3,3,3,4,4,1],[1,2,3,4,1,2,3,4,1,2,3,4]]},"time":5.240041,"solutions":[],"fitness":0.9230769230769231,"num_generations":1000},"12":{"config":{"population_size":4,"mutation_rate":1,"initial_population":[[1,1,1,1,1,1,1,1,1,1,1,1],[1,1,1,2,2,2,3,3,3,4,4,1],[1,1,4,2,2,2,3,3,3,4,4,1],[1,2,3,4,1,2,3,4,1,2,3,4]]},"time":4.987991,"solutions":[],"fitness":0.9230769230769231,"num_generations":1000}}